UNITED STATES OF AMERICA;US;AATS;AATS;O;ASSENT ATS;smth;JERSEY CITY;WWW.SUNGARD.COM;Okt 11;ACTIVE;Okt 11;ASSENT ATS IS A US EQUITY DARK POOL OPERATED BY ASSENT, LLC - A SUBSIDIARY OF SUNGARD.
;;ACKF;KNIG;S;KCG ACKNOWLEDGE FI;ACKFI;NEW YORK;WWW.KCG.COM;Mrz 17;ACTIVE;Mrz 17;BI-LATERAL FIXED INCOME LIQUIDITY.
;;ADVT;ADVT;O;ADVISE TECHNOLOGIES - APA TRANSPARENCY REPORTING;;NEW YORK;WWW.ADVISETECHNOLOGIES.COM;Aug 17;ACTIVE;Aug 17;APPROVED PUBLICATION ARRANGEMENT (APA).
;;ALDP;XNYS;S;NYSE ALTERNEXT DARK;AMEXDARK;NEW YORK;WWW.EURONEXT.COM/LANDING/EQUITIESOP-21363-EN.HTML;Mai 11;ACTIVE;Mai 11;DARK POOL.
;;AMLG;AMLG;O;AMERICAN LEDGER ATS;;MOORPARK;WWW.AMERICANLEDGER.COM;Apr 21;ACTIVE;Apr 21;ALTERNATIVE TRADING SYSTEM.
;;AMXO;XNYS;S;NYSE AMEX OPTIONS;NYSE;NEW YORK;WWW.NYSE.COM;Nov 08;ACTIVE;Nov 08;
;;AQUA;AQUA;O;AQUA EQUITIES L.P.;;NEW YORK;WWW.AQUAEQUITIES.COM;Sep 08;ACTIVE;Sep 08;REGISTERED MARKET FOR BLOCK EQUITIES
;;ARCD;XNYS;S;ARCA DARK;ARCADARK;NEW YORK;WWW.NYSE.COM;Mai 11;ACTIVE;Mai 11;DARK POOL.
;;ARCO;XNYS;S;NYSE ARCA OPTIONS;;NEW YORK;WWW.NYSE.COM;Okt 09;ACTIVE;Okt 09;NYSE ARCA OPTIONS TRADING PLATFORM FROM NYSE EURONEXT.
;;ARCX;XNYS;S;NYSE ARCA;NYSE;NEW YORK;WWW.NYSE.COM;Sep 06;ACTIVE;Sep 06;
;;ARKX;ARKX;O;ARKONIS;ARKX;NEW YORK;WWW.NEXSMART.COM;Apr 19;ACTIVE;Apr 19;
;;ASEF;ASEF;O;AEGIS SWAP EXECUTION FACILITY;;THE WOODLANDS;HTTPS://AEGIS-HEDGING.COM/SWAP-EXECUTION-FACILITY;Okt 21;ACTIVE;Okt 21;SWAP EXECUTION FACILITY.
;;ASMT;INCR;S;INTELLIGENTCROSS ASPEN MAKER/TAKER;;STAMFORD;WWW.INTELLIGENTCROSS.COM;Okt 19;ACTIVE;Okt 19;
;;ASPI;INCR;S;INTELLIGENTCROSS ASPEN INVERTED;;STAMFORD;WWW.INTELLIGENTCROSS.COM;Okt 19;ACTIVE;Okt 19;
;;ASPN;INCR;S;INTELLIGENTCROSS ASPEN INTELLIGENT BID/OFFER;;STAMFORD;WWW.INTELLIGENTCROSS.COM;Okt 19;ACTIVE;Okt 19;
;;BAML;BAML;O;BANK OF AMERICA - MERRILL LYNCH INSTINCT X ATS;MLIX;NEW YORK;HTTP://CORP.BANKOFAMERICA.COM/BUSINESS/CI/TRADER-INSTINCT;Feb 15;ACTIVE;Okt 10;REGISTERED ATS (ATS 2)
;;BAMX;BAMX;O;BANK OF AMERICA - MERRILL LYNCH GCX;MLCX;NEW YORK;WWW.BOFAML.COM/EN-US/CONTENT/HIGH-TOUCH-ELECTRONIC-TRADING.HTML;Dez 17;ACTIVE;Dez 17;CROSSING ENGINE FOR EQUITIES.
;;BARD;BARX;S;BARCLAYS FX - TRADING;BCAP LX;NEW YORK;WWW.BARX.COM/FX/INDEX.HTML;Aug 12;ACTIVE;Mai 11;
;;BARL;BARX;S;BARCLAYS LIQUID MARKETS;;NEW YORK;WWW.BARCAP.COM;Mrz 13;ACTIVE;Mrz 13;
;;BARX;BARX;O;BARCLAYS ATS;;NEW YORK;WWW.BARX.COM/EQUITIES/LIQUIDITYCROSSING.HTML;Mrz 13;ACTIVE;Jan 10;REGISTERED ATS.
;;BATO;XCBO;S;CBOE BZX OPTIONS EXCHANGE;BATO;CHICAGO;HTTP://MARKETS.CBOE.COM/;Jun 18;ACTIVE;Nov 09;
;;BATS;XCBO;S;CBOE BZX U.S. EQUITIES EXCHANGE;BATS;CHICAGO;HTTP://MARKETS.CBOE.COM/;Jun 18;ACTIVE;Nov 08;
;;BATY;XCBO;S;CBOE BYX U.S. EQUITIES EXCHANGE;BYXX;CHICAGO;HTTP://MARKETS.CBOE.COM/;Jun 18;ACTIVE;Nov 09;CBOE BYX U.S. EQUITIES EXCHANGE.
;;BBOK;BARX;S;BARCLAYS SINGLE DEALER PLATFORM;BBOK;NEW YORK;WWW.INVESTMENTBANK.BARCLAYS.COM/MARKETS/EQUITIES-LIQUID-MARKETS.HTML;Okt 20;ACTIVE;Okt 20;U.S. EQUITIES SINGLE DEALER PLATFORM/POOL.
;;BBSF;BBSF;O;BLOOMBERG SEF LLC;;NEW YORK;WWW.BLOOMBERGSEF.COM;Jul 14;ACTIVE;Jul 14;ELECTRONIC TRADING PLATFORM FOR REGULATED OTC DERIVATIVES TRANSACTIONS
;;BCDX;BARX;S;BARCLAYS DIRECT EX ATS;BCDX;NEW YORK;HTTP://REALIZATIONS.BARCLAYS.COM/GLOBAL-MARKETS/EQUITIES;Aug 14;ACTIVE;Aug 14;REGISTERED ATS.
;;BGCD;BGCF;S;BGC DERIVATIVE MARKETS L.P.;BGCDML;NEW YORK;WWW.BGCSEF.COM;Mrz 15;ACTIVE;Mrz 15;BGC SWAP EXECUTION FACILITY.
;;BGCF;BGCF;O;BGC FINANCIAL INC;;NEW YORK;WWW.BGCPARTNERS.COM;Sep 07;ACTIVE;Sep 07;
;;BHSF;BHSF;O;BATS HOTSPOT SEF LLC;;NEW YORK;WWW.HOTSPOTFX.COM;Dez 16;ACTIVE;Dez 16;REGISTERED SWAP EXECUTION FACILITY (SEF). PREVIOUSLY JAVELIN SEF (MIC:JSEF)
;;BIDS;BIDS;O;BIDS TRADING L.P.;BIDS;NEW YORK;WWW.BIDSTRADING.COM;Feb 07;ACTIVE;Feb 07;
;;BKKT;BKKT;O;BAKKT;;ATLANTA;WWW.BAKKT.COM;Nov 19;ACTIVE;Nov 19;SPOT MARKET FOR CRYPTO CURRENCY AND DERIVATIVES.
;;BLKX;XINS;S;INSTINET BLOCKCROSS ATS;BLKX;NEW YORK;WWW.INSTINET.COM;Jul 19;ACTIVE;Sep 12;ALTERNATIVE TRADING SYSTEM.
;;BLTD;BLTD;O;BLOOMBERG TRADEBOOK LLC;;NEW YORK;WWW.BLOOMBERGTRADEBOOK.COM;Nov 07;ACTIVE;Nov 07;
;;BLUE;BLUE;O;PRO SECURITIES ATS;PROS;NEW YORK;;Jan 19;ACTIVE;Jan 19;ALTERNATIVE TRADING SYSTEM.
;;BNDD;TRWB;S;TRADEWEB DIRECT LLC;;NEW YORK;WWW.TRADEWEB.COM;Feb 17;ACTIVE;Aug 07;
;;BNPC;BNPC;O;BNPP CORTEX ATS;BNPX;NEW YORK;HTTPS://USA.BNPPARIBAS/EN/;Feb 21;ACTIVE;Feb 21;ALTERNATIVE TRADING SYSTEM.
;;BNYC;BNYC;O;CONVERGEX;;NEW YORK;WWW.CONVERGEX.COM;Dez 12;ACTIVE;Dez 12;
;;BOSD;XNAS;S;NASDAQ OMX BX DARK;NQBXDARK;NEW YORK;WWW.NASDAQOMXTRADER.COM;Apr 12;ACTIVE;Apr 12;DARK POOL
;;BPOL;BLTD;S;BLOOMBERG BPOOL;;NEW YORK;WWW.BLOOMBERG.COM;Dez 12;ACTIVE;Dez 12;ELECTRONIC TRADING PLATFORM
;;BSTX;BSTX;O;BOSTON SECURITY TOKEN EXCHANGE LLC;;BOSTON;WWW.BSTX.COM;Okt 20;ACTIVE;Okt 20;
;;BTEC;BTEC;O;ICAP ELECTRONIC BROKING (US);;JERSEY CITY;WWW.ICAP.COM;Jun 07;ACTIVE;Jun 07;
;;BTEQ;BTEC;S;BROKERTEC AMERICAS LLC - RFQ PLATFORM;US QUOTE;NEW YORK;WWW.CMEGROUP.COM;Jun 20;ACTIVE;Jun 20;
;;BTNL;BTNL;O;BITNOMIAL;;CHICAGO;WWW.BITNOMIAL.COM;Nov 17;ACTIVE;Nov 17;ELECTRONIC TRADING PLATFORM, DESIGNATED CONTRACT MARKET (DCM).
;;BVUS;MTUS;S;BONDVISION US;;NEW YORK;WWW.MTSMARKETS.COM;Aug 14;ACTIVE;Jul 14;ELECTRONIC TRADING PLATFORM FOR GOVIES AND NON GOVIES
;;BYXD;XCBO;S;CBOE BYX U.S. EQUITIES EXCHANGE DARK;BYXDARK;CHICAGO;HTTP://MARKETS.CBOE.COM/;Jun 18;ACTIVE;Feb 15;CBOE BYX U.S. EQUITIES EXCHANGE NON-DISPLAYED.
;;BZXD;XCBO;S;CBOE BZX U.S. EQUITIES EXCHANGE DARK;BZXDARK;CHICAGO;HTTP://MARKETS.CBOE.COM/;Jun 18;ACTIVE;Feb 15;CBOE BZX U.S. EQUITIES EXCHANGE NON-DISPLAYED.
;;C2OX;XCBO;S;CBOE C2 OPTIONS EXCHANGE;C2OX;CHICAGO;HTTP://MARKETS.CBOE.COM/;Sep 20;ACTIVE;Mai 09;C2 OPTIONS EXCHANGE.
;;CAES;CRED;S;CREDIT SUISSE AES CROSSFINDER;;NEW YORK;WWW.CREDIT-SUISSE.COM;Sep 09;ACTIVE;Sep 09;REGISTERED ATS
;;CALH;CALH;O;CLSA AMERICAS - LIQUIDITY HUB;;NEW YORK;WWW.CLSA.COM;Dez 19;ACTIVE;Dez 19;ADR LIQUIDITY HUB.
;;CAVE;OTCM;S;CAVEAT EMPTOR;;NEW YORK;WWW.OTCMARKETS.COM;Aug 12;ACTIVE;Aug 12;CORPORATE ACTIONS — CAVEAT EMPTOR.
;;CBLC;CGMI;S;CITIBLOC;CBLC;NEW YORK;WWW.CITIBANK.COM/MSS/PRODUCTS/EQUITIES/E_TRADING/LIQUIDITY.HTML;Apr 18;ACTIVE;Jan 16;CITIBLOC IS AN ATS UNDER THE OPERATING MIC CGMI
;;CBSX;XCBO;S;CBOE STOCK EXCHANGE;CBSX;CHICAGO;WWW.CBSX.COM;Jul 08;ACTIVE;Jul 08;FOR EQUITIES
;;CBTS;XCME;S;CME SWAPS MARKETS (CBOT);;CHICAGO;WWW.CMEGROUP.COM;Okt 13;ACTIVE;Okt 13;REGISTERED MARKET FOR SWAP EXECUTION IN THE US
;;CCMX;CCMX;O;CARTAX;;NEW YORK;HTTPS://CARTA.COM/X;Sep 20;ACTIVE;Sep 20;
;;CDED;CDED;O;CITADEL SECURITIES;;NEW YORK;WWW.CITADELSECURITIES.COM;Dez 15;ACTIVE;Mai 11;ELECTRONIC MARKET MAKER.
;;CECS;XCME;S;CME SWAPS MARKETS (COMEX);;NEW YORK;WWW.CMEGROUP.COM;Okt 13;ACTIVE;Okt 13;REGISTERED MARKET FOR SWAP EXECUTION  OF METALS IN THE US
;;CGMI;CGMI;O;CITIGROUP GLOBAL MARKETS;;NEW YORK;WWW.CITIGROUP.COM;Mrz 12;ACTIVE;Mrz 12;
;;CGXS;CGXS;O;ONECHRONOS;;NEW YORK;WWW.ONECHRONOS.COM;Jan 21;ACTIVE;Jan 21;
;;CIOI;CGMI;S;CIOI;CIOI;NEW YORK;WWW.CITIVELOCITY.COM;Apr 18;ACTIVE;Apr 18;
;;CISD;XNYS;S;NYSE NATIONAL, INC. - DARK;;NEW YORK;WWW.NYSE.COM;Okt 19;ACTIVE;Okt 19;DARK MIC FOR NYSE NATIONAL.
;;CLST;CLST;O;CLEAR STREET;CLST;NEW YORK;HTTPS://CLEARSTREET.IO/;Aug 20;ACTIVE;Aug 20;
;;CMES;XCME;S;CME SWAPS MARKETS (CME);;CHICAGO;WWW.CMEGROUP.COM;Okt 13;ACTIVE;Okt 13;REGISTERED MARKET FOR SWAP EXECUTION IN THE US
;;CMSF;CMSF;O;CLEAR MARKETS NORTH AMERICA, INC.;CM SEF;CHARLOTTE;WWW.CLEAR-MARKETS.COM;Jul 14;ACTIVE;Jul 14;CFTC REGISTERED SWAP EXECUTION FACILITY
;;CODA;CODA;O;CODA MARKETS - MICRO AND BLOCK;CODA;GLENVIEW;WWW.CODAMARKETS.COM;Mai 19;ACTIVE;Nov 18;ON-DEMAND AUCTION BASED ALTERNATIVE TRADING SYSTEM (DARK) OFFERING TWO AUCTION TYPES.
;;COHR;COHR;O;COMHAR CAPITAL MARKETS, LLC;;CHICAGO;;Jan 20;ACTIVE;Jan 20;
;;CPGX;CPGX;O;CLEARPOOL EXECUTION SERVICES, LLC;;NEW YORK;WWW.CLEARPOOLGROUP.COM;Mrz 19;ACTIVE;Mrz 19;ELECTRONIC TRADING PLATFORM.
;;CRED;CRED;O;CREDIT SUISSE (US);;NEW YORK;WWW.CREDIT-SUISSE.COM;Aug 12;ACTIVE;Aug 12;
;;CSCL;CRED;S;CREDIT SUISSE CLOSEX;;NEW YORK;WWW.CREDIT-SUISSE.COM;Nov 19;ACTIVE;Nov 19;
;;CSVW;CRED;S;CREDIT SUISSE VWAPX;;NEW YORK;WWW.CREDIT-SUISSE.COM;Nov 19;ACTIVE;Nov 19;
;;CURX;CURX;O;CUREX FX;;NEW YORK;WWW.CUREXGROUP.COM;Nov 17;ACTIVE;Nov 17;FOREIGN EXCHANGE ELECTRONIC COMMUNICATION NETWORK (ECN).
;;DASH;DASH;O;DASH ATS;;CHICAGO;WWW.DASHFINANCIAL.COM;Jul 19;ACTIVE;Jul 19;ALTERNATIVE TRADING SYSTEM.
;;DBAB;DBAB;O;DEUTSCHE BANK SECURITIES INC.;;NEW YORK;WWW.DB.COM;Mrz 19;ACTIVE;Mrz 19;
;;DEAL;DEAL;O;DCX (DERIVATIVES CURRENCY EXCHANGE);DCX;NEW YORK;WWW.FXCMPRO.COM/DCX;Feb 12;ACTIVE;Feb 12;MULTI-BANK ELECTRONIC TRADING PLATFORM FOR FX OPTIONS
;;DWFI;DWFI;O;DEALERWEB FIXED INCOME;;JERSEY CITY;WWW.TRADEWEB.COM;Dez 18;ACTIVE;Dez 18;
;;DWSF;TRWB;S;DW SEF LLC;DWSEF;NEW YORK;WWW.TRADEWEB.COM;Jul 14;ACTIVE;Jul 14;ELECTRONIC PLATFORM FOR TRADING IN SWAPS AND DERIVATIVES
;;EBXV;LEVL;S;LEVEL ATS - VWAP CROSS;LEVEL;BOSTON;WWW.LEVELATS.COM;Mrz 21;ACTIVE;Mrz 21;
;;EDDP;XCBO;S;CBOE EDGX U.S. EQUITIES EXCHANGE DARK;EDGXDARK;CHICAGO;HTTP://MARKETS.CBOE.COM/;Jun 18;ACTIVE;Mai 11;CBOE EDGX U.S. EQUITIES EXCHANGE NON-DISPLAYED.
;;EDGA;XCBO;S;CBOE EDGA U.S. EQUITIES EXCHANGE;EDGA;CHICAGO;HTTP://MARKETS.CBOE.COM/;Jun 18;ACTIVE;Mai 10;
;;EDGD;XCBO;S;CBOE EDGA U.S. EQUITIES EXCHANGE DARK;EDGADARK;CHICAGO;HTTP://MARKETS.CBOE.COM/;Jun 18;ACTIVE;Mai 11;CBOE EDGA U.S. EQUITIES EXCHANGE NON-DISPLAYED.
;;EDGO;XCBO;S;CBOE EDGX OPTIONS EXCHANGE;EDGO;CHICAGO;HTTP://MARKETS.CBOE.COM/;Jun 18;ACTIVE;Jun 15;CBOE EDGX OPTIONS EXCHANGE.
;;EDGX;XCBO;S;CBOE EDGX U.S. EQUITIES EXCHANGE;EDGX;CHICAGO;HTTP://MARKETS.CBOE.COM/;Jun 18;ACTIVE;Mai 10;
;;EGMT;EGMT;O;EG MARKET TECHNOLOGIES;;NEW YORK;WWW.EGLP.COM;Nov 16;ACTIVE;Nov 16;REGISTERED MARKET MAKER FOR EQUITIES.
;;EMLD;MIHI;S;MIAX EMERALD, LLC;EMLD;PRINCETON;WWW.MIAXOPTIONS.COM;Mrz 18;ACTIVE;Mrz 18;MIAX EMERALD: ELECTRONIC TRADING FOR DERIVATIVES.
;;EPRD;MIHI;S;MIAX PEARL EQUITIES EXCHANGE DARK;EPRD;PRINCETON;WWW.MIAXEQUITIES.COM;Aug 20;ACTIVE;Aug 20;MIAX PEARL: ELECTRONIC TRADING FOR EQUITIES NON-DISPLAYED (DARK) EXECUTIONS.
;;EPRL;MIHI;S;MIAX PEARL EQUITIES;EPRL;PRINCETON;WWW.MIAXEQUITIES.COM;Feb 20;ACTIVE;Feb 20;MIAX PEARL: ELECTRONIC TRADING FOR EQUITIES.
;;EQUS;EQUS;O;EQUILEND LLC;;NEW YORK;WWW.EQUILEND.COM;Nov 20;ACTIVE;Nov 20;
;;ERIS;ERIS;O;ERSX;ERSX;CHICAGO;WWW.ERISX.COM;Aug 19;ACTIVE;Mrz 12;
;;EXPM;OTCM;S;EXPERT MARKET;;NEW YORK;WWW.OTCMARKETS.COM;Mai 19;ACTIVE;Mai 19;
;;FAST;FAST;O;EURONEXT FX;;NEW YORK;WWW.EURONEXTFX.COM;Jul 20;ACTIVE;Mai 12;ELECTRONIC TRADING PLATFORM FOR OTC FOREIGN EXCHANGE PRODUCTS.
;;FCBT;XCBT;S;CHICAGO BOARD OF TRADE (FLOOR);CBOT (FLOOR);CHICAGO;WWW.CBOT.COM;Feb 07;ACTIVE;Feb 07;
;;FCME;XCME;S;CHICAGO MERCANTILE EXCHANGE (FLOOR);CME (FLOOR);CHICAGO;WWW.CME.COM;Feb 07;ACTIVE;Feb 07;
;;FICO;FICO;O;FINANCIALCONTENT;;SAN CARLOS;WWW.FINANCIALCONTENT.COM;Jun 18;ACTIVE;Jun 18;
;;FINC;FINR;S;FINRA/NASDAQ TRF CHICAGO (TRADE REPORTING FACILITY);;NEW YORK;WWW.FINRA.ORG;Jul 18;ACTIVE;Jul 18;
;;FINN;FINR;S;FINRA/NASDAQ TRF CARTERET (TRADE REPORTING FACILITY);FINN;NEW YORK;WWW.FINRA.ORG;Jul 18;ACTIVE;Jul 10;FINRA HAS TWO TRF PARTICIPANTS, NYSE AND NASDAQ.
;;FINO;FINR;S;FINRA ORF (TRADE REPORTING FACILITY);;WASHINGTON;WWW.FINRA.ORG;Jul 10;ACTIVE;Jul 10;OTC REPORTING FACILITY.
;;FINR;FINR;O;FINRA;;WASHINGTON;WWW.FINRA.ORG/INDUSTRY/COMPLIANCE/MARKETTRANSPARENCY/ADF/;Jan 13;ACTIVE;Jan 13;
;;FINY;FINR;S;FINRA/NYSE TRF (TRADE REPORTING FACILITY);;WASHINGTON;WWW.FINRA.ORG/INDUSTRY/COMPLIANCE/MARKETTRANSPARENCY/TRF/PARTICIPANTS/;Jul 10;ACTIVE;Jul 10;FINRA HAS TWO TRF PARTICIPANTS, NYSE AND NASDAQ.
;;FNCS;BGCF;S;FENICS - US TREASURIES;;NEW YORK;WWW.FENICSUST.COM;Mai 17;ACTIVE;Mai 17;FENICS IS BGC FINANCIAL, L.P. SEGMENT.
;;FNFT;BGCF;S;FENICS FUTURES;;NEW YORK;WWW.FENICS.COM;Nov 21;ACTIVE;Nov 21;
;;FNFX;BGCF;S;FENICS FX ECN;;NEW YORK;WWW.FENICSFX.COM;Sep 21;ACTIVE;Sep 21;ELECTRONIC COMMUNICATIONS NETWORK.
;;FNIX;GFAM;S;GFI SECURITIES LLC - FENICS DELTA X;;NEW YORK;WWW.GFIGROUP.COM;Mai 21;ACTIVE;Dez 19;U.S. CORPORATE BOND TRADING.
;;FNXB;BGCF;S;FENICS INVITATIONS, LLC;FNXB;NEW YORK;WWW.FENICS.COM;Mrz 22;ACTIVE;Mrz 22;
;;FREX;FREX;O;FAIRX;;CHICAGO;WWW.FAIRX.COM;Jun 21;ACTIVE;Okt 20;
;;FSEF;FSEF;O;FTSEF LLC;;GREAT NECK;WWW.FTSEF.COM;Nov 16;ACTIVE;Nov 16;SWAP EXECUTION FACILITY (SEF).
;;FTUS;FTUS;O;FLOW TRADERS U.S LLC;;NEW YORK;WWW.FLOWTRADERS.COM;Apr 19;ACTIVE;Apr 19;FLOW TRADERS’ DISCLOSED LIQUIDITY PROVISION  THROUGH LEVEL ALTERNATIVE TRADING SYSTEM (ATS).
;;FUSD;LEDG;S;FTX US DERIVATIVES;;MIAMI;HTTP://DERIVS.FTX.US;Mrz 22;ACTIVE;Mrz 22;
;;FXAL;FXAL;O;FXALL;;NEW YORK;WWW.FXALL.COM;Feb 09;ACTIVE;Feb 09;
;;FXCM;FXCM;O;FXCM;;NEW YORK;WWW.FXCM.COM;Aug 11;ACTIVE;Aug 11;REGISTERED & REGULATED MARKET FOR OTC FOREIGN EXCHANGE OPTIONS TRADING. MARKET FOR SPOT FX AND OPTIONS.
;;FXPS;THRE;S;REFINITIV SEF REQUEST FOR STREAM;RSEF (RFS);NEW YORK;WWW.REFINITIV.COM;Mrz 21;ACTIVE;Mrz 21;REFINITIV SWAP EXECUTION FACILITY RFS SEGMENT.
;;G1XX;G1XX;O;G1 EXECUTION SERVICES;;CHICAGO;WWW.G1X.COM;Sep 14;ACTIVE;Sep 14;WHOLESALE MARKET MAKER IN NMS AND OTC EQUITY SECURITIES
;;GFAM;GFAM;O;GFI SECURITIES LLC - ALL MARKETS;;NEW YORK;WWW.GFIGROUP.COM;Mai 21;ACTIVE;Mai 21;
;;GLBX;XCME;S;CME GLOBEX;;CHICAGO;WWW.CME.COM;Sep 08;ACTIVE;Sep 08;
;;GLLC;GLLC;O;GATE US LLC;;NEW YORK;WWW.GATEUS.COM;Jul 10;ACTIVE;Jul 10;ALTERNATIVE TRADING SYSTEM.
;;GLMX;GLMX;O;GLMX;;NEW YORK;WWW.GLMX.COM;Dez 17;ACTIVE;Dez 17;ELECTRONIC TRADING PLATFORM FOR SECURITIES FINANCING TRANSACTIONS.
;;GLPS;GLPS;O;ESSEX RADEZ, LLC;GLPS;CHICAGO;WWW.ESSEXRADEZ.COM;Sep 14;ACTIVE;Sep 14;ELECTRONIC TRADING SYSTEM
;;GLPX;GLPX;O;ACS EXECUTION SERVICES, LLC;GLPX;RED BANK;;Mrz 16;ACTIVE;Mrz 16;EXECUTION SERVICES
;;GMNI;XISX;S;ISE GEMINI EXCHANGE;;NEW YORK;WWW.ISE.COM;Mai 13;ACTIVE;Mai 13;ISE GEMINI EXCHANGE IS A NATIONAL SECURITIES EXCHANGE REGISTERED WITH THE UNITED STATES SECURITIES & EXCHANGE COMMISSION. ISE GEMINI EXCHANGE WILL FACILITATE THE ELECTRONIC TRADING OF EQUITY & INDEX OPTIONS.
;;GOTC;GOTC;O;GLOBAL OTC;;CHICAGO;WWW.GLOBALOTC.COM;Mai 17;ACTIVE;Mai 17;ELECTRONIC TRADING PLATFORM FOR OTC EQUITY SECURITIES.
;;GOVX;GOVX;O;GOVEX;GOVEX;BOSTON;WWW.GOVEX.COM;Mrz 12;ACTIVE;Mrz 12;TRADING PLATFORM FOR US TREASURY SECURITIES - OPERATED BY STATE STREET
;;GREE;GREE;O;THE GREEN EXCHANGE;;CHICAGO;WWW.NYMEX.GREENFUTURES.COM/;Sep 09;ACTIVE;Sep 09;ELECTRONIC TRADING PLATFORM FOR VARIOUS ENVIRONMENTAL CONTRACTS.
;;GSCO;GSCO;O;GOLDMAN SACHS AND CO.;GSCO;NEW YORK;WWW.GOLDMANSACHS.COM;Jun 17;ACTIVE;Jun 17;
;;GSEF;GSEF;O;GFI SWAPS EXCHANGE, LLC;GFI SEF;NEW YORK;WWW.GFIGROUP.COM/MARKETS/SWAPS-EXCHANGE/OVERVIEW.ASPX;Aug 14;ACTIVE;Aug 14;SWAPS EXECUTION FACILITY
;;GTCO;GTCO;O;KCG AMERICAS LLC;;NEW YORK;WWW.KCG.COM;Jan 14;ACTIVE;Sep 08;REGISTERED ATS FOR TRADING US CASH EQUITIES.  FINRA MEMBER AND REG ATS ON FILE WITH THE SEC
;;GTSX;GTSX;O;GTSX;GTSX;NEW YORK;WWW.GTSX.COM;Feb 17;ACTIVE;Feb 17;
;;GTXS;GTXS;O;GTX SEF, LLC;GTX;BEDMINSTER;WWW.GAINGTX.COM/SEF.SHTML;Nov 16;ACTIVE;Nov 16;ELECTRONIC TRADING PLATFORM FOR OTC DERIVATIVES.
;;HEGX;HEGX;O;NADEX;;CHICAGO;WWW.NADEX.COM;Apr 10;ACTIVE;Apr 10;
;;HPPO;HPPO;O;POTAMUS TRADING LLC;HPPO;BOSTON;WWW.POTAMUSTRADING.COM;Apr 14;ACTIVE;Apr 14;WHOLESALE MARKET MAKER FOR NMS EQUITIES.  ELECTRONIC TRADING SERVICES FOR OTHER BROKER-DEALER CLIENTS.
;;HRTF;HRTF;O;HUDSON RIVER TRADING (HRT);HRT;NEW YORK;WWW.HUDSON-TRADING.COM;Jul 18;ACTIVE;Jul 18;SINGLE DEALER PLATFORM.
;;HRTX;HRTX;O;HUDSON RIVER TRADING;HRT;NEW YORK;WWW.HUDSON-TRADING.COM;Mai 18;ACTIVE;Mai 18;SINGLE DEALER PLATFORM.
;;HSFX;HSFX;O;HOTSPOT FX;;JERSEY CITY;WWW.HOTSPOTFX.COM;Jan 09;ACTIVE;Jan 09;
;;IATS;IATS;O;INTERACTIVE BROKERS LLC - ATS;IATS;GREENWICH;WWW.INTERACTIVEBROKERS.COM;Sep 18;ACTIVE;Sep 18;IATS IS AN ALTERNATIVE TRADING SYSTEM OPERATED PURSUANT TO REGULATION ATS BY INTERACTIVE BROKERS LLC.
;;ICBX;XINS;S;INSTINET CBX (US);;NEW YORK;WWW.INSTINET.COM;Nov 08;ACTIVE;Nov 08;CONTINUOUS BLOCK CROSSING DESTINATION FOR US EQUITIES.
;;ICEL;ICEL;O;ISLAND ECN LTD, THE;;NEW YORK;WWW.ISLAND.COM;Jun 05;ACTIVE;Jun 05;
;;ICES;IFUS;S;ICE SWAP TRADE LLC;;NEW YORK;WWW.THEICE.COM;Dez 13;ACTIVE;Aug 13;SWAP EXECUTION FACILITY
;;ICRO;XINS;S;INSTINET VWAP CROSS;;NEW YORK;WWW.INSTINET.COM;Jun 09;ACTIVE;Jun 09;CALL MARKET CROSS PRICED AT THE DAY'S VWAP FOR US EQUITIES.
;;ICSU;BTEC;S;ICAP SEF (US)  LLC.;;JERSEY CITY;WWW.ICAP.COM;Nov 15;ACTIVE;Jul 14;SEF FOR TRADING CFTC REGULATED SWAPS
;;IDXM;IDXM;O;IDX MARKETS, LLC;;NEW YORK;WWW.IDXMARKETS.COM;Jun 21;ACTIVE;Jun 21;REGISTERED ALTERNATIVE TRADING SYSTEM (ATS) FOR FIXED INCOME STRUCTURED PRODUCTS.
;;IEPA;IFUS;S;INTERCONTINENTAL EXCHANGE;ICE;ATLANTA;WWW.THEICE.COM;Dez 13;ACTIVE;Mrz 08;
;;IEXD;IEXG;S;INVESTORS EXCHANGE - DARK;IEX;NEW YORK;WWW.IEXTRADING.COM;Jul 17;ACTIVE;Jul 17;
;;IEXG;IEXG;O;INVESTORS EXCHANGE;IEX;NEW YORK;WWW.IEXTRADING.COM;Sep 16;ACTIVE;Okt 13;
;;IFED;IFUS;S;ICE FUTURES U.S. ENERGY DIVISION;;NEW YORK;WWW.THEICE.COM;Dez 13;ACTIVE;Aug 12;
;;IFUS;IFUS;O;ICE FUTURES U.S.;;NEW YORK;WWW.THEICE.COM;Dez 13;ACTIVE;Okt 11;ELECTRONIC PLATFORM TO TRADE FUTURES AND OPTIONS PRODUCTS. IFUS REPLACES MIC ICUS.
;;IMAG;IFUS;S;ICE MARKETS AGRICULTURE;;ATLANTA;WWW.THEICE.COM;Dez 13;ACTIVE;Jun 11;ELECTRONIC PLATFORM TO TRADE FUTURES, OPTIONS AND OTC AGRICULTURAL PRODUCTS.
;;IMBD;IFUS;S;ICE MARKETS BONDS;;ATLANTA;WWW.THEICE.COM;Dez 13;ACTIVE;Jun 11;ELECTRONIC PLATFORM TO TRADE FUTURES AND OPTIONS PRODUCTS.
;;IMCC;IFUS;S;ICE CREDIT TRADE;;NEW YORK;WWW.THEICE.COM;Jun 20;ACTIVE;Aug 13;ELECTRONIC MARKET FOR FIXED INCOME PRODUCTS.
;;IMCG;IFUS;S;CREDITEX LLC;;NEW YORK;WWW.THEICE.COM;Jun 15;ACTIVE;Aug 13;OTC MARKET FOR CREDIT DERIVATIVES
;;IMCR;IFUS;S;ICE MARKETS CREDIT;;ATLANTA;WWW.THEICE.COM;Dez 13;ACTIVE;Jun 11;ELECTRONIC PLATFORM TO TRADE CREDIT PRODUCTS.
;;IMCS;IMCS;O;IMC FINANCIAL MARKETS;;CHICAGO;WWW.IMC.COM;Jun 17;ACTIVE;Jun 17;ELECTRONIC TRADING PLATFORM.
;;IMEN;IFUS;S;ICE MARKETS ENERGY;;ATLANTA;WWW.THEICE.COM;Dez 13;ACTIVE;Jun 11;ELECTRONIC PLATFORM TO TRADE ENERGY PRODUCTS.
;;IMFX;IFUS;S;ICE MARKETS FOREIGN EXCHANGE;;ATLANTA;WWW.THEICE.COM;Dez 13;ACTIVE;Mai 11;ELECTRONIC TRADING PLATFORM FOR OTC DERIVATIVES.
;;IMIR;IFUS;S;ICE MARKETS RATES;;ATLANTA;WWW.THEICE.COM;Dez 13;ACTIVE;Okt 11;ELECTRONIC PLATFORM TO TRADE CURRENCY PRODUCTS.
;;INCA;XINS;S;INSTINET DESK CROSS;;NEW YORK;WWW.INSTINET.COM;Dez 17;ACTIVE;Dez 17;
;;INCR;INCR;O;INTELLIGENTCROSS;;STAMFORD;WWW.INTELLIGENTCROSS.COM;Okt 19;ACTIVE;Mai 18;INTELLIGENTCROSS MIDPOINT.
;;ISDA;ISDA;O;ISDAFIX;;NEW YORK;WWW2.ISDA.ORG;Nov 12;ACTIVE;Nov 12;SCREEN SERVICE FOR SWAP RATES FOR SWAP TRANSACTIONS WORLDWIDE.
;;ITGI;ITGI;O;ITG - POSIT;;NEW YORK;WWW.ITG.COM;Mrz 13;ACTIVE;Dez 05;ATS
;;JEFX;JEFX;O;JETX;;NEW YORK;WWW.JEFFERIES.COM;Jul 14;ACTIVE;Jul 14;DARK POOL FOR NMS EQUITIES
;;JLQD;JLQD;O;JUMP LIQUIDITY;JLQD;CHICAGO;WWW.JUMPLIQUIDITY.COM;Sep 19;ACTIVE;Sep 17;MULTI-ASSET PLATFORM FOR SECURITIES, FUTURES, AND FX.
;;JNST;JNST;O;JANE STREET CAPITAL, LLC;;NEW YORK;WWW.JANESTREET.COM;Mrz 20;ACTIVE;Mrz 20;WHOLESALING PLATFORM.
;;JPBX;JPBX;O;JPBX;JPBX;NEW YORK;WWW.JPMORGAN.COM;Jan 17;ACTIVE;Jan 17;J.P. MORGAN ATS
;;JPMS;JPMS;O;JPMS, LLC;;NEW YORK;WWW.JPMORGAN.COM/COUNTRY/US/EN/CIB/MARKETS-INVESTOR-SERVICES/AQUA;Apr 19;ACTIVE;Apr 19;
;;JPMX;JPMX;O;JPMX;JPMX;NEW YORK;WWW.JPMORGAN.COM;Feb 12;ACTIVE;Feb 12;J.P. MORGAN ATS
;;JSES;JSES;O;JANE STREET EXECUTION SERVICES LLC;JX;NEW YORK;WWW.JANESTREET.COM;Apr 14;ACTIVE;Apr 14;ELECTRONIC TRADING PLATFORM
;;JSJX;JSJX;O;JANE STREET JX;JX;NEW YORK;WWW.JANESTREET.COM;Jan 16;ACTIVE;Jan 16;ELECTRONIC TRADING PLATFORM (JANE STREET CAPITAL LLC)
;;KLSH;KLSH;O;KALSHIEX LLC;KEX;NEW YORK;WWW.KALSHI.COM;Mrz 21;ACTIVE;Mrz 21;DESIGNATED CONTRACT MARKET.
;;KNCM;KNIG;S;KNIGHT CAPITAL MARKETS LLC;;JERSEY CITY;WWW.KNIGHT.COM;Mai 10;ACTIVE;Mai 10;KCM PRIMARILY OPERATES AS A MARKET-MAKER IN THE OVER-THE-COUNTER MARKET FOR NEW YORK STOCK EXCHANGE AND AMERICAN STOCK EXCHANGE LISTED SECURITIES.
;;KNEM;KNIG;S;KNIGHT EQUITY MARKETS LP;;JERSEY CITY;WWW.KNIGHT.COM;Mai 10;ACTIVE;Mai 10;KEM OPERATES AS A MARKET-MAKER IN OVER-THE-COUNTER EQUITY SECURITIES, PRIMARILY THOSE TRADED IN THE NASDAQ STOCK MARKET AND ON THE OTC BULLETIN BOARD.
;;KNIG;KNIG;O;KNIGHT;;JERSEY CITY;WWW.KNIGHT.COM;Mrz 13;ACTIVE;Mrz 13;
;;KNLI;KNIG;S;KNIGHT LINK;;JERSEY CITY;WWW.KNIGHT.COM;Dez 08;ACTIVE;Dez 08;ELECTRONIC MARKET MAKER, ALTERNATIVE LIQUIDITY PROVIDER FOR US AND EUROPEAN STOCKS
;;LAMP;LAMP;O;LAMPOST CAPITAL;LAMP;BOCA RATON;WWW.THELAMPOST.COM;Sep 19;ACTIVE;Sep 19;US BROKER-DEALER.
;;LASF;LASF;O;LATAM SEF;;NEW YORK;WWW.LATAMSEF.COM;Jul 14;ACTIVE;Jul 14;SWAP EXECUTION FACILITY FOR LATIN AMERICA OTC DERIVATIVES
;;LATG;GFAM;S;GFI SECURITIES LLC - CREDITMATCH (LATG);LATG;NEW YORK;WWW.GFIGROUP.COM;Mai 21;ACTIVE;Mai 21;
;;LEDG;LEDG;O;LEDGERX;;NEW YORK;WWW.LEDGERX.COM;Jun 17;ACTIVE;Jun 17;TRADING AND CLEARING PLATFORM FOR DIGITAL CURRENCY DERIVATIVES.
;;LEVL;LEVL;O;LEVEL ATS;LEVEL;BOSTON;WWW.LEVELATS.COM;Feb 07;ACTIVE;Feb 07;
;;LIFI;LIUS;S;LIQUIDNET, INC. FIXED INCOME ATS;LQNF;NEW YORK;WWW.LIQUIDNET.COM;Dez 15;ACTIVE;Dez 15;THE FIXED INCOME ATS FOR LIQUIDNET, INC
;;LIUH;LIUS;S;LIQUIDNET, INC. H2O ATS;LQNA;NEW YORK;WWW.LIQUIDNET.COM;Nov 14;ACTIVE;Nov 14;THE H2O ATS FOR LIQUIDNET, INC.
;;LIUS;LIUS;O;LIQUIDNET, INC.;LQNT;NEW YORK;WWW.LIQUIDNET.COM;Jul 14;ACTIVE;Jul 14;US REGISTERED BROKER DEALER OPERATING TWO ATS AND OFFERING TRADING AND ALGORITHMIC TRADING SERVICES
;;LMNX;LTAA;S;LUMINEX TRADING & ANALYTICS LLC - ATS;LMNX;BOSTON;WWW.LUMINEXTRADING.COM;Jul 15;ACTIVE;Jul 15;ATS
;;LQED;LQED;O;LIQUIDITYEDGE;;NEW YORK;WWW.LIQUIDITYEDGE.TRADE;Jul 15;ACTIVE;Jul 15;ELECTRONIC TRADING PLATFORM FOR U.S. TREASURY SECURITIES.
;;LQFI;CGMI;S;CITI LIQUIFI;LQFI;NEW YORK;WWW.CITIVELOCITY.COM;Sep 14;ACTIVE;Sep 14;LIQUIFI IS AN ATS UNDER THE OPERATING MIC CGMI
;;LTAA;LTAA;O;LUMINEX TRADING & ANALYTICS LLC;LTAA;BOSTON;WWW.LUMINEXTRADING.COM;Jul 15;ACTIVE;Jul 15;BROKER DEALER
;;LTSE;LTSE;O;LONG-TERM STOCK EXCHANGE, INC.;LTSE;SAN FRANCISCO;WWW.LONGTERMSTOCKEXCHANGE.COM;Dez 19;ACTIVE;Dez 19;A NATIONALLY-REGISTERED STOCK EXCHANGE.
;;MAGM;MAGM;O;MAGMA ATS;;NORTH BERGEN;WWW.TORBROKERAGE.COM;Feb 18;ACTIVE;Feb 18;REGISTERED ALTERNATIVE TRADING SYSTEM FOR EQUITIES.
;;MCRY;XISX;S;ISE MERCURY, LLC;;NEW YORK;WWW.ISE.COM;Okt 14;ACTIVE;Jun 05;ISE MERCURY WILL BE A NATIONAL SECURITIES EXCHANGE REGISTERED WITH THE US SEC.  ISE MERCURY WILL FACILITATE THE ELECTRONIC TRADING OF EQUITY AND INDEX OPTIONS. TARGETED LAUNCH: FIRST HALF OF 2015.
;;MELO;XNAS;S;NASDAQ MIDPOINT-ELO (M-ELO);MELO;NEW YORK;WWW.NASDAQTRADER.COM;Apr 18;ACTIVE;Apr 18;MIDPOINT EXTENDED POINT ORDER (M-ELO).
;;MEMD;MEMX;S;MEMX LLC DARK;MEMXDARK;JERSEY CITY;HTTPS://MEMX.COM/;Jul 20;ACTIVE;Jul 20;
;;MEMM;MEMX;S;MEMX LLC RETAIL MIDPOINT;;JERSEY CITY;HTTPS://MEMX.COM/;Okt 21;ACTIVE;Okt 21;RETAIL MIDPOINT.
;;MEMX;MEMX;O;MEMX LLC;MEMX;JERSEY CITY;HTTPS://MEMX.COM/;Feb 20;ACTIVE;Feb 20;
;;MIHI;MIHI;O;MIAMI INTERNATIONAL HOLDINGS, INC.;MIHI;PRINCETON;WWW.MIAXOPTIONS.COM;Feb 16;ACTIVE;Feb 16;HOLDINGS COMPANY FOR MIAX EXCHANGES AND OTHER ENTITIES.
;;MKAA;MTXX;S;MARKETAXESS ATS;;NEW YORK;WWW.MARKETAXESS.COM;Aug 19;ACTIVE;Aug 19;REGISTERED ALTERNATIVE TRADING SYSTEM (ATS) FOR FIXED INCOME SECURITIES.
;;MLCO;BAML;S;BANK OF AMERICA - MERRILL LYNCH OTC;;NEW YORK;HTTP://CORP.BANKOFAMERICA.COM/BUSINESS/CI/TRADER-INSTINCT;Apr 15;ACTIVE;Apr 15;USED FOR HIGH TOUCH AND 'DIRECT TO CAPITAL' EXECUTIONS
;;MLVX;BAML;S;BANK OF AMERICA - MERRILL LYNCH VWAP CROSS;;NEW YORK;HTTP://CORP.BANKOFAMERICA.COM/BUSINESS/CI/TRADER-INSTINCT;Feb 15;ACTIVE;Feb 15;REGISTERED ATS (ATS 1)
;;MOCX;XINS;S;MOC CROSS;MOCX;NEW YORK;WWW.INSTINET.COM;Feb 15;ACTIVE;Feb 15;POINT IN TIME CROSSES THAT ALLOWS PARTICIPANTS TO CROSS MOC ORDERS FOR US EQUITIES.
;;MPRL;MIHI;S;MIAX PEARL, LLC;MPRL;PRINCETON;WWW.MIAXOPTIONS.COM;Feb 16;ACTIVE;Feb 16;MIAX PEARL: ELECTRONIC TRADING FOR DERIVATIVES.
;;MSCO;MSCO;O;MORGAN STANLEY AND CO. LLC;;NEW YORK;WWW.MORGANSTANLEY.COM;Nov 14;ACTIVE;Nov 14;
;;MSPL;MSCO;S;MS POOL;;NEW YORK;WWW.MORGANSTANLEY.COM;Mrz 15;ACTIVE;Mrz 10;REGISTERED ATS FOR EQUITIES IN THE U.S.
;;MSRP;MSCO;S;MS RPOOL;;NEW YORK;WWW.MORGANSTANLEY.COM;Mai 18;ACTIVE;Feb 12;INTERNAL CROSSING SYSTEM FOR EQUITIES.
;;MSTX;MSCO;S;MS TRAJECTORY CROSS;;NEW YORK;WWW.MORGANSTANLEY.COM;Mrz 15;ACTIVE;Apr 14;INTERNAL CROSSING SYSTEM FOR EQUITIES.
;;MTSB;MTUS;S;MTS BONDS.COM;;NEW YORK;WWW.MTSMARKETS.COM/PRODUCTS/MTS-BONDS-COM;Aug 14;ACTIVE;Aug 14;REGISTERED MARKET FOR BONDS AND ELECTRONIC TRADING PLATFORM FOR FIXED INCOME PRODUCTS
;;MTUS;MTUS;O;MTS MARKETS INTERNATIONAL INC.;;NEW YORK;WWW.MTSMARKETS.COM;Mai 17;ACTIVE;Aug 14;MTS MARKETS US
;;MTXA;MTXX;S;MARKETAXESS CANADA COMPANY;;NEW YORK;WWW.MARKETAXESS.COM;Jan 16;ACTIVE;Jan 16;ELECTRONIC TRADING PLATFORM
;;MTXC;MTXX;S;MARKETAXESS CORPORATION SINGLE-NAME CDS CENTRAL LIMIT ORDER;;NEW YORK;WWW.MARKETAXESS.COM;Nov 15;ACTIVE;Feb 14;ELECTRONIC TRADING PLATFORM
;;MTXM;MTXX;S;MARKETAXESS CORPORATION MID-X TRADING SYSTEM;;NEW YORK;WWW.MARKETAXESS.COM;Nov 15;ACTIVE;Feb 14;ELECTRONIC TRADING PLATFORM
;;MTXS;MTXX;S;MARKETAXESS SEF CORPORATION;;NEW YORK;WWW.MARKETAXESS.COM;Nov 15;ACTIVE;Jul 14;ELECTRONIC TRADING PLATFORM
;;MTXX;MTXX;O;MARKETAXESS CORPORATION;;NEW YORK;WWW.MARKETAXESS.COM;Nov 15;ACTIVE;Nov 15;ELECTRONIC TRADING PLATFORM
;;NASD;XNAS;S;NSDQ DARK;NSDQDARK;NEW YORK;WWW.NASDAQ.COM;Mai 11;ACTIVE;Mai 11;DARK POOL
;;NBLX;NBLX;O;NOBLE EXCHANGE;;NEW YORK;WWW.NOBLEX.IO;Jul 15;ACTIVE;Jul 15;THE NOBLE MARKETS VENUE FOR CRYPTOGRAPHIC AND DIGITAL ASSETS.
;;NFSA;NFSC;S;FIDELITY CROSSSTREAM;;BOSTON;WWW.CAPITALMARKETS.FIDELITY.COM;Sep 14;ACTIVE;Apr 12;
;;NFSC;NFSC;O;NATIONAL FINANCIAL SERVICES, LLC;;BOSTON;WWW.FIDELITYCAPITALMARKETS.COM;Feb 11;ACTIVE;Feb 11;TRADING PLATFORM FOR THE EXECUTION OF EQUITY, OPTION, FIXED INCOME, AND OTC SECURITIES.
;;NFSD;NFSC;S;FIDELITY DARK;;BOSTON;WWW.CAPITALMARKETS.FIDELITY.COM;Mai 11;ACTIVE;Mai 11;DARK POOL.
;;NLAX;CPGX;S;CLEARPOOL EXECUTION SERVICES, LLC - NATURAL LIQUIDITY ALLIANCE;;NEW YORK;WWW.CLEARPOOLGROUP.COM;Mrz 19;ACTIVE;Mrz 19;ELECTRONIC TRADING PLATFORM.
;;NMRA;NMRA;O;NOMURA SECURITIES INTERNATIONAL;;NEW YORK;WWW.NOMURA.COM;Sep 12;ACTIVE;Sep 12;NOMURA PRINCIPAL TRADING.
;;NODX;NODX;O;NODAL EXCHANGE;;VIENNA;WWW.NODALEXCHANGE.COM;Dez 09;ACTIVE;Dez 09;ELECTRONIC POWER EXCHANGE.
;;NXUS;NXUS;O;NX ATS - CROSSING PLATFORM;;NEW YORK;WWW.NOMURA.COM;Feb 11;ACTIVE;Feb 11;NX IS A REGISTERED ATS IN THE US MARKETS - CURRENTLY PROVIDING CROSSING FACILITIES FOR REG NMS LISTED STOCKS.
;;NYFX;BNYC;S;MILLENNIUM;;NEW YORK;WWW.CONVERGEX.COM;Okt 10;ACTIVE;Okt 10;AT THE END OF DEC 2009, THE NYSE SHUT DOWN EURO-MILLENNIUM, THE EUROPEAN EQUITIES ATS. IN DEC 2009, THE CONVERGEX GROUP BOUGHT MILLENNIUM, THE US EQUITIES ATS.
;;NYMS;XCME;S;CME SWAPS MARKETS (NYMEX);;NEW YORK;WWW.CMEGROUP.COM;Okt 13;ACTIVE;Okt 13;REGISTERED MARKET FOR SWAP EXECUTION  OF ENERGY IN THE US
;;NYPC;NYPC;O;NEW YORK PORTFOLIO CLEARING;NYPC;NEW YORK;WWW.NYPCLEAR.COM;Apr 12;ACTIVE;Apr 12;
;;NYSD;XNYS;S;NYSE DARK;NYSEDARK;NEW YORK;WWW.NYSE.COM;Mai 11;ACTIVE;Mai 11;DARK POOL.
;;OCEA;OCEA;O;BLUE OCEAN ALTERNATIVE TRADING SYSTEM;BOATS;SEA GIRT;WWW.BLUEOCEANATS.COM;Jun 21;ACTIVE;Jun 21;BLUE OCEAN ATS, LLC IS A US REGISTERED BROKER DEALER (CRD #306512) AND OPERATOR OF AN ALTERNATIVE TRADING SYSTEM (ATS).
;;OLLC;OLLC;O;OTCEX LLC;;NEW YORK;WWW.OTCEXGROUP.COM;Sep 15;ACTIVE;Sep 15;REGISTERED BROKER FOR EQUITIES DERIVATIVES AND RATES DERIVATIVES IN NYC
;;ONEC;CGMI;S;CITI-ONE;;NEW YORK;WWW.CITI.COM/MSS/SOLUTIONS/EQUITIES/E-TRADING/LIQUIDITY/;Sep 20;ACTIVE;Sep 20;
;;OOTC;FINR;S;OTHER OTC;;WASHINGTON;WWW.OTCBB.COM;Apr 13;ACTIVE;Aug 12;"OTC SECURITY THAT IS NOT QUOTED ON THE NNQS (PREVIOUSLY OTCBB) BUT IS ELIGIBLE FOR TRADE REPORTING TO THE TRADE REPORTING FACILITY, IS CATEGORIZED AS ""OTHER-OTC""."
;;OPRA;OPRA;O;OPTIONS PRICE REPORTING AUTHORITY;OPRA;CHICAGO;WWW.OPRADATA.COM;Dez 11;ACTIVE;Dez 11;TRADING CONSOLIDATOR.
;;OTCB;OTCM;S;OTCQB MARKETPLACE;;NEW YORK;WWW.OTCMARKETS.COM;Mai 10;ACTIVE;Mai 10;OTCQB MARKET TIER HELPS INVESTORS EASILY IDENTIFY COMPANIES THAT ARE REGISTERED AND CURRENT IN THEIR REPORTING OBLIGATIONS WITH THE SEC OR REPORT TO A U.S. BANKING OR INSURANCE REGULATOR.
;;OTCI;OTCI;O;OTC LINK NQB IDQS (INTER-DEALER QUOTATION SYSTEM);;NEW YORK;WWW.OTCMARKETS.COM;Nov 21;ACTIVE;Nov 21;
;;OTCM;OTCM;O;OTC LINK ATS - OTC MARKETS;;NEW YORK;WWW.OTCMARKETS.COM;Jul 21;ACTIVE;Mai 12;OPERATIONAL MIC FOR OTC MARKETS.
;;OTCN;OTCN;O;OTC LINK ECN;;NEW YORK;WWW.OTCMARKETS.COM;Mrz 19;ACTIVE;Mrz 19;ELECTRONIC COMMUNICATIONS NETWORK.
;;OTCQ;OTCM;S;OTCQX MARKETPLACE;;NEW YORK;WWW.OTCMARKETS.COM;Mai 16;ACTIVE;Aug 08;ELECTRONIC QUOTATION SYSTEM FOR PREMIUM MARKET TIER (OPERATED BY PINK SHEETS)
;;PINC;OTCM;S;OTC PINK CURRENT;;NEW YORK;WWW.OTCMARKETS.COM;Mai 12;ACTIVE;Mai 12;
;;PINI;OTCM;S;OTC PINK NO INFORMATION;;NEW YORK;WWW.OTCMARKETS.COM;Mai 12;ACTIVE;Mai 12;
;;PINL;OTCM;S;OTC PINK LIMITED;;NEW YORK;WWW.OTCMARKETS.COM;Mai 12;ACTIVE;Mai 12;
;;PINX;OTCM;S;OTC PINK MARKETPLACE;;NEW YORK;WWW.OTCMARKETS.COM;Mrz 12;ACTIVE;Mrz 12;
;;PIPE;PIPE;O;ARITAS SECURITIES LLC;;NEW YORK;WWW.PIPELINETRADING.COM;Feb 12;ACTIVE;Feb 12;
;;PIPR;PIPR;O;PIPER SANDLER AND CO.;;GREENWICH;WWW.PIPERSANDLER.COM;Feb 20;ACTIVE;Nov 19;REGISTERED MARKET FOR EQUITIES.
;;PJCX;PIPR;S;PIPER SANDLER AND CO. - ATS;;GREENWICH;WWW.PIPERSANDLER.COM;Feb 20;ACTIVE;Nov 19;ALTERNATIVE TRADING SYSTEM.
;;PRSE;PRSE;O;PRAGMA ATS;;NEW YORK;WWW.PRAGMATRADING.COM;Dez 10;ACTIVE;Dez 10;REGISTERED ATS FOR US EQUITIES
;;PSGM;OTCM;S;OTC GREY MARKET;;NEW YORK;WWW.OTCMARKETS.COM;Mrz 12;ACTIVE;Mrz 12;
;;PSXD;XNAS;S;NASDAQ PSX;PSX;NEW YORK;WWW.NASDAQTRADER.COM;Okt 19;ACTIVE;Okt 19;NON-DISPLAYED (DARK) EXECUTIONS.
;;PUMA;PUMA;O;PUMA CAPITAL, LLC;PUMA;PURCHASE;WWW.PUMACAP.COM;Apr 19;ACTIVE;Apr 19;US BROKER-DEALER.
;;PUMX;PUMA;S;PUMA CAPITAL, LLC - OPTIONS;PUMA;PURCHASE;WWW.PUMACAP.COM;Apr 19;ACTIVE;Apr 19;US BROKER-DEALER.
;;PUND;PUND;O;PUNDION LLC;;NEW YORK;WWW.PUNDION.COM;Sep 21;ACTIVE;Sep 21;EQUITY PRODUCTS.
;;RCMA;RCMA;O;RBC CAPITAL MARKETS ARBITRAGE S.A.;;NEW YORK;WWW.RBC.COM;Sep 19;ACTIVE;Sep 19;
;;RICD;RICX;S;RIVERCROSS DARK;RIVERX;NARBERTH;WWW.RXATS.COM;Mai 11;ACTIVE;Mai 11;DARK POOL.
;;RICX;RICX;O;RIVERCROSS;;NARBERTH;WWW.RXATS.COM;Mai 11;ACTIVE;Mai 11;RIVERCROSS™ IS AN ALTERNATIVE TRADING SYSTEM (ATS) OPERATED PURSUANT TO REGULATION ATS BY RIVERCROSS SECURITIES, LLLP, PROVIDING A SECURE AND CONFIDENTIAL LIQUIDITY SOURCE FOR U.S.-REGISTERED BROKER-DEALERS AND THEIR CLIENTS.
;;SAGE;SAGE;O;SAGETRADER;;SAN FRANCISCO;WWW.SAGETRADER.COM;Mai 19;ACTIVE;Mai 19;BROKER DEALER.
;;SCXA;SCXO;S;SEED DIGITAL SECURITIES MARKET;;CHICAGO;WWW.SEEDCX.COM;Aug 18;ACTIVE;Aug 18;ELECTRONIC TRADING PLATFORM FOR SECURITIES, ALTERNATIVE TRADING SYSTEM (ATS).
;;SCXF;SCXO;S;SEED FUTURES;;CHICAGO;WWW.SEEDCX.COM;Okt 17;ACTIVE;Okt 17;ELECTRONIC TRADING PLATFORM, DESIGNATED CONTRACTS MARKET (DCM).
;;SCXM;SCXO;S;SEED DIGITAL COMMODITIES MARKET;;CHICAGO;WWW.SEEDCX.COM;Aug 18;ACTIVE;Okt 17;ELECTRONIC TRADING PLATFORM FOR COMMODITIES.
;;SCXO;SCXO;O;SEED CX;SEED CX;CHICAGO;WWW.SEEDCX.COM;Okt 17;ACTIVE;Okt 17;
;;SCXS;SCXO;S;SEED SEF;;CHICAGO;WWW.SEEDCX.COM;Aug 18;ACTIVE;Jul 16;ELECTRONIC TRADING PLATFORM FOR SWAPS, SWAP EXECUTION FACILITY (SEF).
;;SFOX;SFOX;O;SFOX;SFOX;LOS ANGELES;WWW.SFOX.COM;Mrz 22;ACTIVE;Mrz 22;BITCOIN AND CRYPTOASSET PRIME DEALER.
;;SGA2;SGAS;S;SG AMERICAS SECURITIES, LLC - SECOND VENUE;SGAS;NEW YORK;WWW.SGCIB.COM;Okt 20;ACTIVE;Okt 20;US BROKER DEALER.
;;SGAS;SGAS;O;SG AMERICAS SECURITIES, LLC;SGAS;NEW YORK;WWW.SGCIB.COM;Feb 19;ACTIVE;Feb 19;US BROKER DEALER.
;;SGMA;SGMA;O;GOLDMAN SACH MTF;;NEW YORK;WWW2.GOLDMANSACHS.COM;Mrz 08;ACTIVE;Mrz 08;GS'S MTF. IMPLEMENTATION DATE: FEBRUARY 1ST 2008
;;SGMT;GSCO;S;SIGMA X2;SGMT;NEW YORK;WWW.GOLDMANSACHS.COM;Jun 17;ACTIVE;Dez 16;SIGMA X2 (SGMT) IS THE ATS OF REGISTERED BROKER-DEALER GOLDMAN SACHS & CO (GSCO).
;;SHAD;SHAW;S;D.E. SHAW DARK;;NEW YORK;WWW.DESHAW.COM;Mai 11;ACTIVE;Mai 11;DARK POOL.
;;SHAW;SHAW;O;D.E. SHAW;;NEW YORK;WWW.DESHAW.COM;Mai 11;ACTIVE;Mai 11;
;;SMFE;SMFE;O;SMALL EXCHANGE, INC - DESIGNATED CONTRACT MARKET;;CHICAGO;WWW.THESMALLEXCHANGE.COM;Feb 19;ACTIVE;Feb 19;DESIGNATED CONTRACT MARKET.
;;SOHO;SOHO;O;TWO SIGMA SECURITIES, LLC;SOHO;NEW YORK;WWW.TWOSIGMASECURITIES.COM;Aug 14;ACTIVE;Aug 14;MARKET MAKER FOR US EXCHANGE LISTED EQUITIES
;;SPTX;SPTX;O;SPOT FX;SPOTEX;JERSEY CITY;HTTPS://SPOTEX.COM/;Feb 22;ACTIVE;Feb 22;SPOTEX IS AN INSTITUTIONAL FOREIGN EXCHANGE ECN. OUR CLIENTS ARE PRIME BROKERS, HEDGE FUNDS, AND AUTOMATED TRADING SYSTEMS.
;;SSTX;SSTX;O;E-EXCHANGE;EEXCHANGE;BOSTON;;Mrz 12;ACTIVE;Mrz 12;
;;STFX;STFX;O;STIFEL, NICOLAUS AND COMPANY, INCORPORATED;STFL;NEW YORK;;Jan 20;ACTIVE;Jan 20;ALTERNATIVE TRADING SYSTEM.
;;STRM;STRM;O;PURESTREAM;;NEW YORK;WWW.PURESTREAM.TECH;Feb 21;ACTIVE;Feb 21;
;;SUNT;SUNT;O;SUN TRADING LLC;;CHICAGO;WWW.SUNTRADINGLLC.COM;Okt 17;ACTIVE;Okt 17;SINGLE DEALER PLATFORM FOR US EQUITIES.
;;TERA;TERA;O;TERAEXCHANGE;;NEW JERSEY;WWW.TERAEXCHANGE.COM;Dez 12;ACTIVE;Dez 12;SWAP EXECUTION FACILITY (OTC CLEARED INSTRUMENTS)
;;TFSU;TFSU;O;TFS GREEN UNITED STATES GREEN MARKETS;TFS;NEW YORK;WWW.TRADITION.COM;Mrz 12;ACTIVE;Mrz 12;
;;THEM;THEM;O;THEMIS TRADING LLC;THEM;CHATHAM;WWW.THEMISTRADING.COM;Jun 17;ACTIVE;Jun 17;BROKER DEALER - US EQUITIES.
;;THRE;THRE;O;REFINITIV US SEF LLC;RSEF;NEW YORK;WWW.REFINITIV.COM/EN/PRODUCTS/SEF-SWAP-EXECUTION-FACILITY;Nov 19;ACTIVE;Nov 16;SWAP EXECUTION FACILITY (SEF).
;;TMCC;IFUS;S;ICE TMC;;NEW YORK;WWW.THEICE.COM;Jul 20;ACTIVE;Nov 19;ICE TMC ATS IS OPERATED BY ICE BONDS SECURITIES CORPORATION.
;;TMID;TMID;O;TRUMID ATS;;NEW YORK;WWW.TRUMID.COM;Mrz 17;ACTIVE;Mrz 17;REGISTERED ATS FOR CORPORATE BONDS AND CREDIT DEFAULT SWAPS.
;;TPSE;TPSE;O;TP SEF, INC.;;JERSEY CITY;WWW.TULLETTPREBON.COM;Dez 16;ACTIVE;Dez 16;SWAP EXECUTION FACILITY.
;;TPSV;TPSE;S;TPSEF, INC - VOICE;;JERSEY CITY;WWW.TULLETTPREBON.COM;Sep 20;ACTIVE;Sep 20;
;;TRAI;TRAI;O;TRAIANA INC;;WILMINGTON;WWW.TRAIANA.COM;Jan 20;ACTIVE;Jan 20;
;;TRCK;TRCK;O;TRACK ECN;;NEW YORK;WWW.TRACKECN.COM;Dez 10;ACTIVE;Dez 10;US ELECTRONIC COMMUNICATION NETWORK (ECN) FOR US EQUITIES.
;;TRCX;TRCX;O;TOWER RESEARCH CAPITAL TRCX;;NEW YORK;WWW.TOWER-RESEARCH.COM;Jun 19;ACTIVE;Jun 19;
;;TRU1;TRUX;S;TRUEEX LLC - DESIGNATED CONTRACT MARKET (DMC);;NEW YORK;WWW.TRUEEX.COM;Jul 14;ACTIVE;Jul 14;DESIGNATED CONTRACT MARKET-ELECTRONIC MARKET FOR TRADING FUTURES, OPTIONS ON FUTURES, SWAPS AND OTHER DERIVATIVES
;;TRU2;TRUX;S;TRUEEX LLC - SEF (SWAP EXECUTION FACILITY);;NEW YORK;WWW.TRUEEX.COM;Jul 14;ACTIVE;Jul 14;SWAP EXECUTION FACILITY -ELECTRONIC MARKET FOR TRADING SWAPS
;;TRUX;TRUX;O;TRUEEX LLC;;NEW YORK;WWW.TRUEEX.COM;Sep 13;ACTIVE;Sep 13;ELECTRONIC MARKET FOR TRADING FUTURES, OPTIONS ON FUTURES, SWAPS AND OTHER DERIVATIVES
;;TRWB;TRWB;O;TRADEWEB LLC;;JERSEY CITY;WWW.TRADEWEB.COM;Jun 05;ACTIVE;Jun 05;
;;TSAD;TSAD;O;TRADITION SECURITIES AND DERIVATIVES INC.;;NEW YORK;WWW.TRADITION.COM;Feb 17;ACTIVE;Feb 17;
;;TSBX;TSBX;O;DBOT ATS, LLC;DBOT;WILMINGTON;WWW.DBOTTRADING.COM;Mrz 18;ACTIVE;Mrz 13;ATS FOR UNLISTED OTC EQUITIES.
;;TSEF;TSEF;O;TRADITION SEF;;NEW YORK;WWW.TRADITIONSEF.COM;Jul 14;ACTIVE;Jul 14;MULTI-ASSET CLASS SWAP EXECUTION FACILITY (SEF)
;;TWSF;TRWB;S;TW SEF LLC;TWSEF;NEW YORK;WWW.TRADEWEB.COM;Jul 14;ACTIVE;Jul 14;ELECTRONIC PLATFORM FOR TRADING IN SWAPS AND DERIVATIVES
;;UBEC;UBEC;O;UNIVERSAL BARTER EXCHANGE CREDIT UNION;UBECU;ATLANTA;HTTP://AIROBOTCRYPTOBANK.COM;Mai 21;ACTIVE;Mai 21;
;;UBSA;UBSA;O;UBS ATS;UBS ATS;NEW YORK;WWW.UBS.COM/ATS;Mai 16;ACTIVE;Feb 12;REGISTERED ALTERNATIVE TRADING SYSTEM FOR CROSSING ORDERS IN US EQUITIES
;;UBSP;UBSA;S;UBS PIN (UBS PRICE IMPROVEMENT NETWORK);;NEW YORK;WWW.UBS.COM/ATS;Mai 16;ACTIVE;Mrz 12;UBS PRICE IMPROVEMENT NETWORK IN THE US (EQUITIES).
;;UBSS;UBSS;O;UBS SECURITIES LLC;;NEW YORK;WWW.UBS.COM;Feb 18;ACTIVE;Feb 18;ELECTRONIC TRADING PLATFORM FOR EQUITIES.
;;VABD;IFUS;S;ICE BONDPOINT;;NEW YORK;WWW.THEICE.COM;Jun 20;ACTIVE;Nov 17;ICE BONDPOINT ATS IS OPERATED BY ICE BONDS SECURITIES CORPORATION.
;;VALX;VUSA;S;VIRTU CLIENT MARKET MAKING;VCMM;NEW YORK;WWW.VIRTU.COM;Dez 18;ACTIVE;Dez 18;VIRTU CLIENT MARKET MAKING IS A WHOLESALE MARKET MAKER AND BLOCK POSITIONER IN OTC AND NMS US EQUITIES.
;;VCRS;VUSA;S;VIRTU MATCHIT - CONDITIONAL ROOM;KCGM;NEW YORK;WWW.VIRTU.COM;Nov 18;ACTIVE;Nov 18;
;;VERT;VERT;O;VERTICAL;VERT;NEW YORK;WWW.VERTGRP.COM;Mai 17;ACTIVE;Mai 17;MARKET MAKERS OF NASDAQ AND PINK SHEET SECURITIES.
;;VFCM;VFCM;O;VIRTU FINANCIAL CAPITAL MARKETS LLC;VFCM;NEW YORK;WWW.VIRTU.COM;Apr 16;ACTIVE;Apr 16;ELECTRONIC TRADING PLATFORM FOR US EQUITIES.
;;VFMI;VUSA;S;VIRTU MATCHIT - MAIN CROSSING SESSION;KCGM;NEW YORK;WWW.VIRTU.COM;Nov 18;ACTIVE;Nov 18;ALTERNATIVE TRADING SYSTEM FOR US EQUITIES EXECUTING VIRTU'S WHOLESALE, INSTITUTIONAL, CLIENT AND PROP FLOW.
;;VIRT;VIRT;O;VIRTU FINANCIAL BD;VEQ;NEW YORK;WWW.VIRTU.COM;Mrz 17;ACTIVE;Mrz 17;CHX REGISTERED BROKER-DEALER.
;;VNDM;WSAG;S;WALL STREET ACCESS NYC - VNDM;VNDM;NEW YORK;WWW.WSACCESS.COM;Jul 20;ACTIVE;Jul 20;BROKER DEALER SPECIALIZING IN INSTITUTIONAL EXECUTION AND MARKET-MAKING IN US EQUITIES, FIXED INCOME AND OPTIONS.
;;VTEX;BNYC;S;VORTEX;;NEW YORK;WWW.BNYCONVERGEX.COM;Mrz 09;ACTIVE;Mrz 09;DARK LIQUIDITY POOL
;;VUSA;VUSA;O;VIRTU AMERICAS LLC;VAL;NEW YORK;WWW.VIRTU.COM;Nov 18;ACTIVE;Nov 18;BROKER DEALER OPERATING OTC AND ON EXCHANGE MARKET MAKING BUSINESSES AND EXECUTION SERVICES DIVISION IN US EQUITIES.
;;WABR;WSAG;S;WALL STREET ACCESS NYC;WABR;NEW YORK;WWW.WSACCESS.COM;Jul 20;ACTIVE;Jul 20;BROKER DEALER SPECIALIZING IN INSTITUTIONAL EXECUTION AND MARKET-MAKING IN US EQUITIES, FIXED INCOME AND OPTIONS.
;;WELS;WELS;O;WELLS FARGO SECURITIES, LLC - CASH EQUITIES;WFS;CHARLOTTE;WWW.WELLSFARGO.COM/COM/SECURITIES/MARKETS/;Aug 18;ACTIVE;Aug 18;MARKET FOR CASH EQUITIES TRADING.
;;WSAG;WSAG;O;WALL STREET ACCESS;WSAG;NEW YORK;WWW.WSACCESS.COM;Feb 15;ACTIVE;Feb 15;ELECTRONIC TRADING PLATFORM FOR US EQUITIES.
;;XADF;FINR;S;FINRA ALTERNATIVE DISPLAY FACILITY (ADF);;WASHINGTON/NEW YORK;WWW.FINRA.ORG;Apr 13;ACTIVE;Jan 13;THE ALTERNATIVE DISPLAY FACILITY (ADF) IS AN SRO DISPLAY ONLY FACILITY THAT IS OPERATED BY FINRA.
;;XAQS;XAQS;O;AUTOMATED EQUITY FINANCE MARKETS;AQS;NEW YORK;WWW.QUADRISERV.COM;Okt 08;ACTIVE;Okt 08;ATS FOR STOCK LENDING AND BORROWING
;;XASE;XNYS;S;NYSE MKT LLC;AMEX;NEW YORK;WWW.NYSE.COM;Jun 12;ACTIVE;Mai 09;NYSE ALTERNEXT HAS CHANGED THEIR NAME TO NYSE AMEX EQUITIES
;;XBOS;XNAS;S;NASDAQ OMX BX;BSE;NEW YORK;WWW.NASDAQOMXTRADER.COM;Apr 12;ACTIVE;Apr 12;NASDAQ OMX HAS ACQUIRED THE BOSTON STOCK EXCHANGE (BSE).
;;XBOX;XBOX;O;BOX OPTIONS EXCHANGE;BOX;BOSTON;WWW.BOXOPTIONS.COM;Dez 17;ACTIVE;Jun 05;
;;XBRT;XNAS;S;BRUT ECN;BRUT;NEW YORK;WWW.NASDAQTRADER.COM;Jun 05;ACTIVE;Jun 05;
;;XBXO;XNAS;S;NASDAQ OMX BX OPTIONS;;NEW YORK;WWW.NASDAQOMXTRADER.COM;Apr 12;ACTIVE;Apr 12;ELECTRONIC MARKET FOR TRADING US LISTED DERIVATIVES.
;;XCBF;XCBO;S;CBOE FUTURES EXCHANGE;CFE;CHICAGO;WWW.CFE.CBOE.COM;Jul 08;ACTIVE;Jul 08;FOR FUTURES
;;XCBO;XCBO;O;CBOE GLOBAL MARKETS INC.;CBOE;CHICAGO;HTTP://MARKETS.CBOE.COM/;Sep 20;ACTIVE;Jul 08;USED FOR CBOE OPTIONS EXCHANGE (C1).
;;XCBT;XCBT;O;CHICAGO BOARD OF TRADE;CBOT;CHICAGO;WWW.CBOT.COM;Jun 05;ACTIVE;Jun 05;
;;XCEC;XNYM;S;COMMODITIES EXCHANGE CENTER;COMEX;NEW YORK;WWW.NYMEX.COM;Jun 05;ACTIVE;Jun 05;
;;XCFF;XCFF;O;CANTOR FINANCIAL FUTURES EXCHANGE;CANTOR;NEW YORK;WWW.CANTOR.COM;Jun 05;ACTIVE;Jun 05;
;;XCHI;XNYS;S;NYSE CHICAGO, INC.;CHX;CHICAGO;WWW.NYSE.COM;Feb 19;ACTIVE;Jun 05;
;;XCIS;XNYS;S;NYSE NATIONAL, INC.;NSX;NEW YORK;WWW.NYSE.COM;Feb 19;ACTIVE;Jun 05;
;;XCME;XCME;O;CHICAGO MERCANTILE EXCHANGE;CME;CHICAGO;WWW.CME.COM;Jun 05;ACTIVE;Jun 05;
;;XCUR;XCUR;O;CURRENEX;;NEW YORK;WWW.CURRENEX.COM;Feb 09;ACTIVE;Feb 09;
;;XELX;XELX;O;ELX;;NEW YORK;WWW.ELXFUTURES.COM;Jun 09;ACTIVE;Jun 09;
;;XFCI;FICO;S;FINANCIALCONTENT - INDEXES;;SAN CARLOS;WWW.FINANCIALCONTENT.COM;Jun 18;ACTIVE;Feb 09;ELECTRONIC PLATFORM FOR INDEX CALCULATION.
;;XFDA;FICO;S;FINANCIALCONTENT - DIGITAL ASSET TRADE REPORTING FACILITY;;SAN CARLOS;WWW.FINANCIALCONTENT.COM;Jun 18;ACTIVE;Jun 18;
;;XGMX;XGMX;O;GLOBALCLEAR MERCANTILE EXCHANGE;GMX;GUAYNABO;WWW.GMEGROUP.US;Aug 14;ACTIVE;Nov 12;ELECTRONIC TRADING PLATFORM FOR COMMODITIES, CFDS, CREDIT, FUTURES, METALS, AND NEW MARKETS.
;;XIMM;XCME;S;INTERNATIONAL MONETARY MARKET;;CHICAGO;WWW.CME.COM;Jun 05;ACTIVE;Jun 05;
;;XINS;XINS;O;INSTINET;;NEW YORK;WWW.INSTINET.COM;Mrz 13;ACTIVE;Mrz 13;
;;XIOM;XCME;S;INDEX AND OPTIONS MARKET;IOM;CHICAGO;WWW.CME.COM;Jun 05;ACTIVE;Jun 05;
;;XISA;XISX;S;INTERNATIONAL SECURITIES EXCHANGE, LLC -  ALTERNATIVE MARKETS;ISE;NEW YORK;WWW.ISE.COM;Jun 08;ACTIVE;Jun 08;PARIMUTUEL, ELETRONIC TRADING PLATFORM FOR DERIVATIVES.
;;XISE;XISX;S;INTERNATIONAL SECURITIES EXCHANGE, LLC - EQUITIES;ISE;NEW YORK;WWW.ISE.COM;Jun 08;ACTIVE;Jun 08;EQUITIES. ELECTRONIC MARKETPLACE.
;;XISX;XISX;O;INTERNATIONAL SECURITIES EXCHANGE, LLC;ISE;NEW YORK;WWW.ISE.COM;Okt 14;ACTIVE;Jun 05;
;;XKBT;XCBT;S;KANSAS CITY BOARD OF TRADE;KCBT;KANSAS CITY;WWW.KCBT.COM;Jan 14;ACTIVE;Jun 05;
;;XMER;XMER;O;MERCHANTS' EXCHANGE;ME;CHICAGO;;Jun 05;ACTIVE;Jun 05;
;;XMGE;XMGE;O;MINNEAPOLIS GRAIN EXCHANGE;MGE;MINNEAPOLIS;WWW.MGEX.COM;Sep 13;ACTIVE;Jun 05;
;;XMIO;MIHI;S;MIAMI INTERNATIONAL SECURITIES EXCHANGE;XMIO;PRINCETON;WWW.MIAXOPTIONS.COM;Feb 16;ACTIVE;Nov 11;MIAX OPTIONS EXCHANGE: ELECTRONIC TRADING FOR DERIVATIVES.
;;XNAS;XNAS;O;NASDAQ - ALL MARKETS;NASDAQ;NEW YORK;WWW.NASDAQ.COM;Jun 05;ACTIVE;Jun 05;
;;XNCM;XNAS;S;NASDAQ CAPITAL MARKET;;NEW YORK;WWW.NASDAQ.COM;Feb 08;ACTIVE;Feb 08;PREVIOUSLY (2005) NAMED NASDAQ SMALLCAP MARKET.NASDAQ CAPITAL MARKET SECURITY SATISFIES ALL APPLICABLE QUALIFICATION REQUIREMENTS FOR NASDAQ SECURITIES IN RULE 4300 OTHER THAN THOSE APPLICABLE TO NASDAQ NATIONAL MARKET SECURITIES.
;;XNDQ;XNAS;S;NASDAQ OPTIONS MARKET;;NEW YORK;WWW.NASDAQ.COM;Mai 07;ACTIVE;Mai 07;
;;XNFI;XNAS;S;NASDAQ FIXED INCOME TRADING;;NEW YORK;WWW.NASDAQ.COM;Nov 18;ACTIVE;Nov 18;
;;XNGS;XNAS;S;NASDAQ/NGS (GLOBAL SELECT MARKET);NGS;NEW YORK;WWW.NASDAQ.COM;Jul 06;ACTIVE;Jul 06;
;;XNIM;XNAS;S;NASDAQ INTERMARKET;;NEW YORK;WWW.NASDAQ.COM;Feb 08;ACTIVE;Feb 08;ELECTRONIC MARKETPLACE COMPRISED OF MULTIPLE BROKER-DEALERS THAT QUOTE AND TRADE SECURITIES LISTED ON NYSE AND AMEX
;;XNLI;XNYS;S;NYSE LIFFE;;NEW YORK;WWW.NYSE.COM;Sep 08;ACTIVE;Sep 08;
;;XNMS;XNAS;S;NASDAQ/NMS (GLOBAL MARKET);;NEW YORK;WWW.NASDAQ.COM;Jun 05;ACTIVE;Jun 05;
;;XNYE;XNYM;S;NEW YORK MERCANTILE EXCHANGE - OTC MARKETS;NYMEX ECM;NEW YORK;WWW.NYMEX.COM;Mai 08;ACTIVE;Mai 08;DIVISION OF THE NEW YORK MERCANTILE EXCHANGE - OTC MARKETS (ECM)
;;XNYL;XNYM;S;NEW YORK MERCANTILE EXCHANGE - ENERGY MARKETS;NYMEX MTF LIMITED;NEW YORK;WWW.NYMEXONLCHCLEARNET.COM;Mai 08;ACTIVE;Mai 08;ELECTRONIC TRADING PLATFORM FOR ENERGY MARKETS
;;XNYM;XNYM;O;NEW YORK MERCANTILE EXCHANGE;NYMEX;NEW YORK;WWW.NYMEX.COM;Jun 05;ACTIVE;Jun 05;
;;XNYS;XNYS;O;NEW YORK STOCK EXCHANGE, INC.;NYSE;NEW YORK;WWW.NYSE.COM;BEFORE JUNE 2005;ACTIVE;BEFORE JUNE 2005;
;;XPBT;XNAS;S;NASDAQ OMX FUTURES EXCHANGE;NFX;PHILADELPHIA;WWW.NASDAQTRADER.COM;Mrz 09;ACTIVE;Mrz 09;NASDAQ ACQUIRED THE PHILADELPHIA STOCK EXCHANGE (PHLX)
;;XPHL;XNAS;S;NASDAQ OMX PHLX;PHLX;PHILADELPHIA;WWW.PHLX.COM;Feb 09;ACTIVE;Feb 09;NASDAQ ACQUIRED THE PHILADELPHIA STOCK EXCHANGE (PHLX)
;;XPHO;XNAS;S;PHILADELPHIA OPTIONS EXCHANGE;;PHILADELPHIA;WWW.PHLX.COM;Jun 05;ACTIVE;Jun 05;
;;XPOR;XNAS;S;PORTAL;;WASHINGTON;WWW.NASDAQPORTALMARKET.COM;Okt 07;ACTIVE;Okt 07;
;;XPSX;XNAS;S;NASDAQ OMX PSX;PSX;NEW YORK;WWW.NASDAQTRADER.COM;Mrz 13;ACTIVE;Mrz 13;US EQUITIES EXCHANGE
;;XPUS;XPUS;O;XP INVESTMENTS US, LLC;;NEW YORK;WWW.XPI.US;Nov 19;ACTIVE;Mai 19;
;;XSEF;XSEF;O;SWAPEX, LLC;SWAPEX;NEW YORK;WWW.SWAPEX.COM;Jul 14;ACTIVE;Mrz 12;SWAP EXECUTION FACILITY.
;;XSTM;NFSC;S;FIDELITY CROSSSTREAM ATS;;BOSTON;WWW.CAPITALMARKETS.FIDELITY.COM;Nov 14;ACTIVE;Sep 14;REGISTERED ATS FOR TRADING US EQUITIES
;;XTRD;XTRD;O;XTRD;XTRD;NEW YORK;HTTPS://XTRD.IO;Nov 18;ACTIVE;Nov 18;ORDERS ROUTING SYSTEM FOR CRYPTOCURRENCIES EXCHANGES.
;;XTXD;XTXD;O;XTX DIRECT;;NEW YORK;WWW.XTXMARKETS.COM;Nov 20;ACTIVE;Nov 20;
;;YKNA;YKNA;O;COMHAR CAPITAL MARKETS, LLC - US EQUITIES;;CHICAGO;;Aug 19;ACTIVE;Aug 19;PROPRIETARY TRADING SYSTEM.
;;ZERO;SCXO;S;ZERO HASH;;CHICAGO;WWW.SEEDCX.COM;Mrz 19;ACTIVE;Mrz 19;CALCULATION AGENT AND SETTLEMENT PLATFORM.
